-- phpMyAdmin SQL Dump
-- version 4.0.10.18
-- https://www.phpmyadmin.net
--
-- Host: localhost:3306
-- Generation Time: Feb 19, 2018 at 06:03 AM
-- Server version: 10.1.24-MariaDB-cll-lve
-- PHP Version: 5.6.30

SET SQL_MODE = "NO_AUTO_VALUE_ON_ZERO";
SET time_zone = "+00:00";


/*!40101 SET @OLD_CHARACTER_SET_CLIENT=@@CHARACTER_SET_CLIENT */;
/*!40101 SET @OLD_CHARACTER_SET_RESULTS=@@CHARACTER_SET_RESULTS */;
/*!40101 SET @OLD_COLLATION_CONNECTION=@@COLLATION_CONNECTION */;
/*!40101 SET NAMES utf8 */;

--
-- Database: `webepjfl_ddams`
--

-- --------------------------------------------------------

--
-- Table structure for table `admin`
--

CREATE TABLE IF NOT EXISTS `admin` (
  `id` int(11) NOT NULL AUTO_INCREMENT,
  `admin_name` varchar(40) NOT NULL,
  `admin_password` varchar(50) NOT NULL,
  `create_date` datetime NOT NULL DEFAULT CURRENT_TIMESTAMP,
  PRIMARY KEY (`id`),
  UNIQUE KEY `admin_name` (`admin_name`)
) ENGINE=InnoDB  DEFAULT CHARSET=latin1 AUTO_INCREMENT=5 ;

--
-- Dumping data for table `admin`
--

INSERT INTO `admin` (`id`, `admin_name`, `admin_password`, `create_date`) VALUES
(1, 'Emon', 'c55c6f15aa28b9afea5b3bea52adad73c59eb543', '2016-11-20 12:19:15'),
(2, 'ahsweet92@gmail.com', '0aed9807d75de31509e03fad0e8d644669b44466', '2016-11-20 12:19:15'),
(3, 'kazimusabberhossain@gmail.com', '91f5bf41a2121f7234efee31aeb58b054fce770b', '2016-11-20 12:20:15'),
(4, 'admin', 'd033e22ae348aeb5660fc2140aec35850c4da997', '2016-11-20 14:21:00');

-- --------------------------------------------------------

--
-- Table structure for table `area`
--

CREATE TABLE IF NOT EXISTS `area` (
  `areaid` int(11) NOT NULL AUTO_INCREMENT,
  `area_name` varchar(80) NOT NULL,
  `area_description` varchar(200) NOT NULL,
  `divid` int(2) NOT NULL,
  `distid` int(3) NOT NULL,
  `createdate` datetime NOT NULL,
  PRIMARY KEY (`areaid`),
  UNIQUE KEY `area_name` (`area_name`),
  KEY `fk_district` (`distid`)
) ENGINE=InnoDB  DEFAULT CHARSET=latin1 AUTO_INCREMENT=589 ;

--
-- Dumping data for table `area`
--

INSERT INTO `area` (`areaid`, `area_name`, `area_description`, `divid`, `distid`, `createdate`) VALUES
(29, 'gailjhara', 'gailjhara Upazila', 13, 123, '2016-12-05 15:38:05'),
(30, 'Babuganj', 'Babuganj Upazila', 13, 123, '2016-12-05 15:38:43'),
(31, 'Bakerganj', 'Bakerganj Upazila', 13, 123, '2016-12-05 15:39:31'),
(33, 'Banaripara', 'Banaripara Upazila', 13, 123, '2016-12-05 15:51:38'),
(34, 'Barisal Sadar', 'Barisal Sadar Upazila', 13, 123, '2016-12-05 15:52:31'),
(35, 'Gaurnadi ', 'Gaurnadi Upazila', 13, 123, '2016-12-05 15:54:59'),
(36, 'Hizla ', 'Hizla Upazila', 13, 123, '2016-12-05 15:56:09'),
(37, 'Mehendiganj', 'Mehendiganj Upazila', 13, 123, '2016-12-05 15:56:54'),
(38, 'Muladi ', 'Muladi Upazila', 13, 123, '2016-12-05 15:57:35'),
(39, 'Wazirpur', 'Wazirpur  Upazila', 13, 123, '2016-12-05 16:00:57'),
(40, 'Amtali', 'Amtali Upazila', 13, 124, '2016-12-05 16:06:44'),
(41, 'Bamna', 'Bamna Upazila', 13, 124, '2016-12-05 16:11:17'),
(42, 'Barguna Sadar', 'Barguna Sadar Upazila', 13, 124, '2016-12-05 16:12:20'),
(43, 'Betagi', 'Betagi Upazila', 13, 124, '2016-12-05 16:13:26'),
(44, 'Patharghata ', 'Patharghata Upazila', 13, 124, '2016-12-05 16:14:50'),
(45, 'Taltali', 'Taltali Upazila', 13, 124, '2016-12-05 16:15:26'),
(46, 'Bhola Sadar ', 'Bhola Sadar Upazila', 13, 125, '2016-12-05 16:18:12'),
(47, 'Daulatkhan ', 'Daulatkhan Upazila', 13, 125, '2016-12-05 16:20:00'),
(48, 'Burhanuddin', 'Burhanuddin Upazila', 13, 125, '2016-12-05 16:20:47'),
(49, 'Tazumuddin', 'Tazumuddin Upazila', 13, 125, '2016-12-05 16:22:43'),
(50, 'Lalmohan', 'Lalmohan Upazila', 13, 125, '2016-12-05 16:32:25'),
(51, 'Char Fasson ', 'Char Fasson Upazila', 13, 125, '2016-12-05 16:35:35'),
(52, 'Manpura ', 'Manpura Upazila', 13, 125, '2016-12-05 16:37:21'),
(53, 'Jhalokati Sadar ', 'Jhalokati Sadar Upazila', 13, 126, '2016-12-05 16:39:05'),
(54, 'Kathalia ', 'Kathalia Upazila', 13, 126, '2016-12-05 16:40:29'),
(55, 'Nalchity ', 'Nalchity Upazila', 13, 126, '2016-12-05 16:41:37'),
(56, 'Rajapur ', 'Rajapur Upazila', 13, 126, '2016-12-05 16:42:22'),
(58, 'Galachipa ', 'Galachipa Upazila', 13, 127, '2016-12-05 16:46:29'),
(59, 'Dashmina', 'Dashmina Upazila', 13, 127, '2016-12-05 16:49:17'),
(60, 'Kalapara', 'Kalapara Upazila', 13, 127, '2016-12-05 16:50:01'),
(61, 'Mirzaganj ', 'Mirzaganj Upazila', 13, 127, '2016-12-05 16:52:36'),
(62, 'Patuakhali Sadar ', 'Patuakhali Sadar Upazila', 13, 127, '2016-12-05 16:53:21'),
(63, 'Dumki', 'Dumki Upazila', 13, 127, '2016-12-05 16:54:57'),
(64, 'Rangabali ', 'Rangabali Upazila', 13, 127, '2016-12-05 16:56:47'),
(65, 'Bhandaria', 'Bhandaria Upazila', 13, 128, '2016-12-05 16:59:48'),
(66, 'Kawkhali', 'Kawkhali  Upazila', 13, 128, '2016-12-05 17:00:38'),
(67, 'Mathbaria', 'Mathbaria Upazila', 13, 128, '2016-12-05 17:01:08'),
(68, 'Nazirpur', 'Nazirpur Upazila', 13, 128, '2016-12-05 17:03:49'),
(69, 'Nesarabad', 'Nesarabad Upazila', 13, 128, '2016-12-05 17:04:21'),
(70, 'Pirojpur Sadar', 'Pirojpur Sadar Upazila', 13, 128, '2016-12-05 17:05:01'),
(71, 'Zianagar', 'Zianagar Upazila', 13, 128, '2016-12-05 17:05:21'),
(72, 'Bauphal ', 'Bauphal Upazila', 13, 127, '2016-12-05 17:29:18'),
(73, 'Bandarban Sadar', 'Bandarban Sadar  Upazila', 11, 129, '2016-12-05 17:38:35'),
(74, 'Thanchi', 'Thanchi Upazila', 11, 129, '2016-12-05 17:39:30'),
(75, 'Lama', 'Lama Upazila', 11, 129, '2016-12-05 17:40:03'),
(76, 'Naikhongchhari', 'Naikhongchhari  Upazila', 11, 129, '2016-12-05 17:40:38'),
(77, 'Ali kadam', 'Ali kadam Upazila', 11, 129, '2016-12-05 17:41:07'),
(78, 'Rowangchhari', 'Rowangchhari Upazila', 11, 129, '2016-12-05 17:41:43'),
(79, 'Ruma', 'Ruma Upazila', 11, 129, '2016-12-05 17:42:35'),
(80, 'Brahmanbaria Sadar ', 'Brahmanbaria Sadar Upazila', 11, 130, '2016-12-05 17:44:17'),
(81, 'Ashuganj', 'Ashuganj Upazila', 11, 130, '2016-12-05 17:44:47'),
(82, 'Nasirnagar', 'Nasirnagar Upazila', 11, 130, '2016-12-05 17:45:15'),
(83, 'Nabinagar', 'Nabinagar Upazila', 11, 130, '2016-12-05 17:45:47'),
(84, 'Sarail ', 'Sarail Upazila', 11, 130, '2016-12-05 17:46:19'),
(85, 'Kasba', 'Kasba Upazila', 11, 130, '2016-12-05 17:46:43'),
(86, 'Akhaura', 'Akhaura Upazila', 11, 130, '2016-12-05 17:47:10'),
(87, 'Bancharampur ', 'Bancharampur Upazila', 11, 130, '2016-12-05 17:47:33'),
(88, 'Bijoynagar ', 'Bijoynagar Upazila', 11, 130, '2016-12-05 17:48:06'),
(89, 'Faridganj ', 'Faridganj Upazila', 11, 131, '2016-12-05 17:51:14'),
(90, 'Haimchar ', 'Haimchar Upazila', 11, 131, '2016-12-05 17:51:40'),
(91, 'Haziganj Upazila', 'Haziganj Upazila', 11, 131, '2016-12-05 17:52:03'),
(92, 'Kachua Upazila', 'Kachua Upazila', 11, 131, '2016-12-05 17:52:33'),
(93, 'Matlab Dakshin', 'Matlab Dakshin Upazila', 11, 131, '2016-12-05 17:53:04'),
(94, 'Matlab Uttar ', 'Matlab Uttar Upazila', 11, 131, '2016-12-05 17:53:35'),
(95, 'Shahrasti ', 'Shahrasti Upazila', 11, 131, '2016-12-05 17:54:00'),
(96, 'Anwara ', 'Anwara Upazila', 11, 132, '2016-12-05 17:55:47'),
(97, 'Banshkhali ', 'Banshkhali Upazila', 11, 132, '2016-12-05 17:56:17'),
(98, 'Boalkhali ', 'Boalkhali Upazila', 11, 132, '2016-12-05 17:56:49'),
(99, 'Chandanaish ', 'Chandanaish Upazila', 11, 132, '2016-12-05 17:57:14'),
(100, 'Fatikchhari ', 'Fatikchhari Upazila', 11, 132, '2016-12-05 17:57:35'),
(101, 'Hathazari ', 'Hathazari Upazila', 11, 132, '2016-12-05 17:57:57'),
(102, 'Lohagara ', 'Lohagara Upazila', 11, 132, '2016-12-05 17:58:21'),
(103, 'Mirsharai', 'Mirsharai Upazila', 11, 132, '2016-12-05 17:58:46'),
(104, 'Patiya ', 'Patiya Upazila', 11, 132, '2016-12-05 17:59:13'),
(105, 'Rangunia ', 'Rangunia Upazila', 11, 132, '2016-12-05 17:59:46'),
(106, 'Raozan ', 'Raozan Upazila', 11, 132, '2016-12-05 18:01:06'),
(107, 'Sandwip Upazila', 'Sandwip Upazila', 11, 132, '2016-12-05 18:02:23'),
(108, 'Satkania', 'Satkania Upazila', 11, 132, '2016-12-05 18:02:50'),
(109, 'Sitakunda ', 'Sitakunda Upazila', 11, 132, '2016-12-05 18:03:35'),
(110, 'Barura ', 'Barura Upazila', 11, 133, '2016-12-05 18:10:10'),
(111, 'Brahmanpara ', 'Brahmanpara Upazila', 11, 133, '2016-12-05 18:11:03'),
(112, 'Burichong ', 'Burichong Upazila', 11, 133, '2016-12-05 18:11:43'),
(113, 'Comilla Sadar ', 'Comilla Sadar Upazila', 11, 133, '2016-12-05 18:12:05'),
(114, 'Comilla Sadar Dakshin ', 'Comilla Sadar Dakshin Upazila', 11, 133, '2016-12-05 18:12:42'),
(115, 'Chandina', 'Chandina Upazila', 11, 133, '2016-12-05 18:13:20'),
(116, 'Chauddagram', 'Chauddagram Upazila', 11, 133, '2016-12-05 18:13:48'),
(117, 'Daudkandi ', 'Daudkandi Upazila', 11, 133, '2016-12-05 18:14:07'),
(118, 'Debidwar ', 'Debidwar Upazila', 11, 133, '2016-12-05 18:14:28'),
(119, 'Homna ', 'Homna Upazila', 11, 133, '2016-12-05 18:15:01'),
(120, 'Laksam ', 'Laksam Upazila', 11, 133, '2016-12-05 18:15:23'),
(121, 'Monohorgonj ', 'Monohorgonj Upazila', 11, 133, '2016-12-05 18:15:48'),
(123, 'Muradnagar', 'Muradnagar Upazila', 11, 133, '2016-12-05 18:18:49'),
(124, 'Nangalkot', 'Nangalkot Upazila', 11, 133, '2016-12-05 18:19:51'),
(125, 'Titas', 'Titas Upazila', 11, 133, '2016-12-05 18:20:14'),
(126, 'Meghna ', 'Meghna Upazila', 11, 133, '2016-12-05 18:21:59'),
(127, 'Chakaria ', 'Chakaria Upazila', 11, 140, '2016-12-05 18:24:59'),
(128, 'Cox''s Bazar Sadar', 'Cox''s Bazar Sadar Upazila', 11, 140, '2016-12-05 18:26:04'),
(129, 'Kutubdia', 'Kutubdia Upazila', 11, 140, '2016-12-05 18:29:26'),
(130, 'Maheshkhali', 'Maheshkhali Upazila', 11, 140, '2016-12-05 18:29:47'),
(131, 'Ramu ', 'Ramu Upazila', 11, 140, '2016-12-05 18:30:11'),
(132, 'Teknaf ', 'Teknaf Upazila', 11, 140, '2016-12-05 18:30:52'),
(133, 'Ukhia ', 'Ukhia Upazila', 11, 140, '2016-12-05 18:31:16'),
(134, 'Pekua', 'Pekua Upazila', 11, 140, '2016-12-05 18:31:45'),
(135, 'Chhagalnaiya', 'Chhagalnaiya', 11, 134, '2016-12-05 18:43:45'),
(136, 'Daganbhuiyan', 'Daganbhuiyan Upazila', 11, 134, '2016-12-05 18:44:39'),
(137, 'Feni Sadar ', 'Feni Sadar Upazila', 11, 134, '2016-12-05 18:44:58'),
(138, 'Fulgazi', 'Fulgazi Upazila', 11, 134, '2016-12-05 18:45:20'),
(139, 'Parshuram ', 'Parshuram Upazila', 11, 134, '2016-12-05 18:45:45'),
(140, 'Sonagazi ', 'Sonagazi Upazila', 11, 134, '2016-12-05 18:46:03'),
(141, 'Dighinala ', 'Dighinala Upazila', 11, 135, '2016-12-05 18:50:04'),
(142, 'Khagrachhari ', 'Khagrachhari Upazila', 11, 135, '2016-12-05 18:50:33'),
(143, 'Lakshmichhari ', 'Lakshmichhari Upazila', 11, 135, '2016-12-05 18:51:03'),
(144, 'Mahalchhari ', 'Mahalchhari Upazila', 11, 135, '2016-12-05 18:51:40'),
(145, 'Manikchhari ', 'Manikchhari Upazila', 11, 135, '2016-12-05 18:52:02'),
(146, 'Matiranga', 'Matiranga Upazila', 11, 135, '2016-12-05 18:52:51'),
(147, 'Panchhari ', 'Panchhari Upazila', 11, 135, '2016-12-05 18:54:18'),
(148, 'Ramgarh', 'Ramgarh Upazila', 11, 135, '2016-12-05 18:55:08'),
(149, 'Guimara ', 'Guimara Upazila', 11, 135, '2016-12-05 18:56:57'),
(150, 'Kamalnagar', 'Kamalnagar Upazila', 11, 136, '2016-12-05 19:00:29'),
(151, 'Lakshmipur Sadar ', 'Lakshmipur Sadar Upazila', 11, 136, '2016-12-05 19:01:11'),
(152, 'Raipur', 'Raipur Upazila', 11, 136, '2016-12-05 19:01:41'),
(153, 'Ramganj ', 'Ramganj Upazila', 11, 136, '2016-12-05 19:02:04'),
(154, 'Ramgati ', 'Ramgati Upazila', 11, 136, '2016-12-05 19:02:29'),
(155, 'Noakhali Sadar ', 'Noakhali Sadar Upazila', 11, 139, '2016-12-05 19:07:11'),
(156, 'Begumganj ', 'Begumganj Upazila', 11, 139, '2016-12-05 19:07:33'),
(157, 'Chatkhil ', 'Chatkhil Upazila', 11, 139, '2016-12-05 19:07:55'),
(158, 'Companiganj ', 'Companiganj Upazila', 11, 139, '2016-12-05 19:08:15'),
(159, 'Senbagh ', 'Senbagh Upazila', 11, 139, '2016-12-05 19:08:35'),
(160, 'Hatiya', 'Hatiya Upazila', 11, 139, '2016-12-05 19:08:57'),
(161, 'Kabirhat Upazila', 'Kabirhat Upazila', 11, 139, '2016-12-05 19:09:16'),
(162, 'Sonaimuri ', 'Sonaimuri Upazila', 11, 139, '2016-12-05 19:09:41'),
(163, 'Suborno Char ', 'Suborno Char Upazila', 11, 139, '2016-12-05 19:10:10'),
(164, 'Rangamati Sadar ', 'Rangamati Sadar Upazila', 11, 138, '2016-12-05 19:12:05'),
(165, 'Barkal ', 'Barkal Upazila', 11, 138, '2016-12-05 19:12:33'),
(166, 'Langadu ', 'Langadu Upazila', 11, 138, '2016-12-05 19:13:02'),
(167, 'Belaichhari ', 'Belaichhari Upazila', 11, 138, '2016-12-05 19:13:32'),
(168, 'Juraichhari Upazila', 'Juraichhari Upazila', 11, 138, '2016-12-05 19:14:01'),
(169, 'Naniarchar Upazila', 'Naniarchar Upazila', 11, 138, '2016-12-05 19:14:33'),
(170, 'Bagaichhari ', 'Bagaichhari Upazila', 11, 138, '2016-12-05 19:15:01'),
(171, 'Rajasthali ', 'Rajasthali Upazila', 11, 138, '2016-12-05 19:15:26'),
(172, 'Kaukhali ', 'Kaukhali Upazila', 11, 138, '2016-12-05 19:15:53'),
(173, 'Kaptai', 'Kaptai Upazila', 11, 138, '2016-12-05 19:16:19'),
(174, 'Dhamrai ', 'Dhamrai Upazila, suburuban and rural', 9, 110, '2016-12-05 20:56:23'),
(175, 'Dohar', 'Dohar Upazila, suburban and rural', 9, 110, '2016-12-05 20:56:48'),
(176, 'Keraniganj', 'Keraniganj Upazila, suburban', 9, 110, '2016-12-05 20:57:13'),
(177, 'Nawabganj ', 'Nawabganj Upazila, suburban and rural', 9, 110, '2016-12-05 20:57:41'),
(178, 'Savar ', 'Savar Upazila, suburban', 9, 110, '2016-12-05 20:58:09'),
(179, 'Adabor', 'Adabor thana', 9, 110, '2016-12-05 20:59:24'),
(180, 'Agargaon', 'Agargaon thana', 9, 110, '2016-12-05 20:59:55'),
(181, 'Badda', 'Badda thana', 9, 110, '2016-12-05 21:00:17'),
(182, 'Biman Bandar', 'Biman Bandar thana', 9, 110, '2016-12-05 21:00:47'),
(183, 'Bangshal', 'Bangshal thana', 9, 110, '2016-12-05 21:01:09'),
(184, 'Cantonment', 'Cantonment thana', 9, 110, '2016-12-05 21:01:31'),
(185, 'Chawkbazar Model', 'Chawkbazar Model thana', 9, 110, '2016-12-05 21:01:52'),
(186, 'Dakshinkhan', 'Dakshinkhan thana', 9, 110, '2016-12-05 21:02:14'),
(187, 'Darus Salam', 'Darus Salam thana', 9, 110, '2016-12-05 21:02:34'),
(188, 'Dhanmondi', 'Dhanmondi thana', 9, 110, '2016-12-05 21:02:51'),
(189, 'Demra', 'Demra thana', 9, 110, '2016-12-05 21:03:11'),
(190, 'Kotwali', 'Kotwali thana', 9, 110, '2016-12-05 21:03:31'),
(191, 'Gendaria', 'Gendaria thana', 9, 110, '2016-12-05 21:03:51'),
(192, 'Gulshan', 'Gulshan thana', 9, 110, '2016-12-05 21:04:16'),
(193, 'Hazaribagh', 'Hazaribagh thana', 9, 110, '2016-12-05 21:04:37'),
(194, 'Jatrabari', 'Jatrabari thana', 9, 110, '2016-12-05 21:06:59'),
(195, 'Kadamtali', 'Kadamtali thana', 9, 110, '2016-12-05 21:07:18'),
(196, 'Kafrul', 'Kafrul thana', 9, 110, '2016-12-05 21:07:34'),
(197, 'Kalabagan', 'Kalabagan thana', 9, 110, '2016-12-05 21:07:49'),
(198, 'Kamringir Char', 'Kamringir Char thana', 9, 110, '2016-12-05 21:08:04'),
(199, 'Khilkhet', 'Khilkhet thana', 9, 110, '2016-12-05 21:08:17'),
(200, 'Khilgaon', 'Khilgaon thana', 9, 110, '2016-12-05 21:08:30'),
(201, 'Lalbagh', 'Lalbagh thana', 9, 110, '2016-12-05 21:08:48'),
(202, 'Mirpur', 'Mirpur thana', 9, 110, '2016-12-05 21:09:02'),
(203, 'Mohammadpur', 'Mohammadpur thana', 9, 110, '2016-12-05 21:09:17'),
(204, 'Motijheel', 'Motijheel thana', 9, 110, '2016-12-05 21:09:30'),
(205, 'New Market', 'New Market thana', 9, 110, '2016-12-05 21:09:44'),
(206, 'Pallabi', 'Pallabi thana', 9, 110, '2016-12-05 21:10:12'),
(207, 'Paltan', 'Paltan thana', 9, 110, '2016-12-05 21:10:34'),
(208, 'Ramna', 'Ramna thana', 9, 110, '2016-12-05 21:10:50'),
(209, 'Rampura', 'Rampura thana', 9, 110, '2016-12-05 21:11:04'),
(210, 'Sabujbagh', 'Sabujbagh thana', 9, 110, '2016-12-05 21:11:19'),
(211, 'Shah Ali', 'Shah Ali thana', 9, 110, '2016-12-05 21:11:41'),
(212, 'Shahbagh', 'Shahbagh thana', 9, 110, '2016-12-05 21:11:53'),
(213, 'Sher-e-Bangla Nagor', 'Sher-e-Bangla Nagor thana', 9, 110, '2016-12-05 21:12:13'),
(214, 'Shyampur', 'Shyampur thana', 9, 110, '2016-12-05 21:12:27'),
(215, 'Sutrapur', 'Sutrapur thana', 9, 110, '2016-12-05 21:12:40'),
(216, 'Tejgaon', 'Tejgaon thana', 9, 110, '2016-12-05 21:12:55'),
(217, 'Tejgaon Industrial Area', 'Tejgaon Industrial Area thana', 9, 110, '2016-12-05 21:13:22'),
(218, 'Turag', 'Turag thana', 9, 110, '2016-12-05 21:13:38'),
(219, 'Uttar Khan', 'Uttar Khan thana', 9, 110, '2016-12-05 21:13:51'),
(220, 'Uttara', 'Uttara thana', 9, 110, '2016-12-05 21:14:08'),
(221, 'Alfadanga ', 'Alfadanga Upazila', 9, 111, '2016-12-05 21:15:50'),
(222, 'Bhanga ', 'Bhanga Upazila', 9, 111, '2016-12-05 21:16:02'),
(223, 'Boalmari ', 'Boalmari Upazila', 9, 111, '2016-12-05 21:16:26'),
(224, 'Charbhadrasan ', 'Charbhadrasan Upazila', 9, 111, '2016-12-05 21:16:39'),
(225, 'Faridpur Sadar ', 'Faridpur Sadar Upazila', 9, 111, '2016-12-05 21:16:57'),
(226, 'Madhukhali', 'Madhukhali Upazila', 9, 111, '2016-12-05 21:17:11'),
(227, 'Nagarkanda ', 'Nagarkanda Upazila', 9, 111, '2016-12-05 21:17:27'),
(228, 'Sadarpur ', 'Sadarpur Upazila', 9, 111, '2016-12-05 21:17:44'),
(229, 'Saltha ', 'Saltha Upazila', 9, 111, '2016-12-05 21:17:57'),
(230, 'Gazipur Sadar ', 'Gazipur Sadar city', 9, 112, '2016-12-05 21:20:41'),
(231, 'Kaliakair', 'Kaliakair Upazila', 9, 112, '2016-12-05 21:21:03'),
(232, 'Kapasia ', 'Kapasia Upazila', 9, 112, '2016-12-05 21:21:16'),
(233, 'Sreepur', 'Sreepur Upazila', 9, 112, '2016-12-05 21:21:29'),
(234, 'Kaliganj ', 'Kaliganj Upazila', 9, 112, '2016-12-05 21:21:56'),
(235, 'Tongi', 'Tongi  thana', 9, 112, '2016-12-05 21:22:19'),
(236, 'Gopalganj Sadar ', 'Gopalganj Sadar Upazila', 9, 113, '2016-12-05 21:23:30'),
(237, 'Kashiani ', 'Kashiani Upazila', 9, 113, '2016-12-05 21:23:42'),
(238, 'Kotalipara', 'Kotalipara Upazila', 9, 113, '2016-12-05 21:23:57'),
(239, 'Muksudpur', 'Muksudpur Upazila', 9, 113, '2016-12-05 21:24:12'),
(240, 'Tungipara ', 'Tungipara Upazila', 9, 113, '2016-12-05 21:24:25'),
(241, 'Kuliarchar ', 'Kuliarchar Upazila', 9, 114, '2016-12-05 21:26:28'),
(242, 'Hossainpur ', 'Hossainpur Upazila', 9, 114, '2016-12-05 21:26:44'),
(243, 'Pakundia', 'Pakundia Upazila', 9, 114, '2016-12-05 21:27:22'),
(244, 'Kishoreganj Sadar ', 'Kishoreganj Sadar Upazila', 9, 114, '2016-12-05 21:27:48'),
(245, 'Bajitpur ', 'Bajitpur Upazila', 9, 114, '2016-12-05 21:28:24'),
(246, 'Austagram ', 'Austagram Upazila', 9, 114, '2016-12-05 21:28:59'),
(247, 'Karimganj ', 'Karimganj Upazila', 9, 114, '2016-12-05 21:29:21'),
(248, 'Katiadi ', 'Katiadi Upazila', 9, 114, '2016-12-05 21:29:36'),
(249, 'Tarail', 'Tarail Upazila', 9, 114, '2016-12-05 21:29:50'),
(250, 'Itna', 'Itna Upazila', 9, 114, '2016-12-05 21:30:12'),
(251, 'Nikli ', 'Nikli Upazila', 9, 114, '2016-12-05 21:30:28'),
(252, 'Mithamain ', 'Mithamain Upazila', 9, 114, '2016-12-05 21:30:53'),
(253, 'Bhairab ', 'Bhairab Upazila	', 9, 114, '2016-12-05 21:31:20'),
(254, 'Madaripur Sadar', 'Madaripur Sadar thana', 9, 115, '2016-12-05 21:32:41'),
(255, 'Kalkini', 'Kalkini thana', 9, 115, '2016-12-05 21:32:58'),
(256, 'Rajoir', 'Rajoir thana', 9, 115, '2016-12-05 21:33:15'),
(257, 'Shibchar', 'Shibchar thana', 9, 115, '2016-12-05 21:33:41'),
(258, 'Manikganj Sadar ', 'Manikganj Sadar Upazila', 9, 116, '2016-12-05 21:34:47'),
(259, 'Singair ', 'Singair Upazila', 9, 116, '2016-12-05 21:35:11'),
(260, 'Shivalaya', 'Shivalaya Upazila', 9, 116, '2016-12-05 21:35:32'),
(261, 'Saturia ', 'Saturia Upazila', 9, 116, '2016-12-05 21:35:49'),
(262, 'Harirampur ', 'Harirampur Upazila', 9, 116, '2016-12-05 21:36:05'),
(263, 'Ghior', 'Ghior Upazila ', 9, 116, '2016-12-05 21:36:28'),
(264, 'Daulatpur ', 'Daulatpur Upazila', 9, 116, '2016-12-05 21:36:44'),
(265, 'Lohajang', 'Lohajang Upazila', 9, 117, '2016-12-05 21:37:33'),
(266, 'Sreenagar', 'Sreenagar Upazila', 9, 117, '2016-12-05 21:37:50'),
(267, 'Munshiganj Sadar ', 'Munshiganj Sadar Upazila', 9, 117, '2016-12-05 21:38:16'),
(268, 'Sirajdikhan ', 'Sirajdikhan Upazila', 9, 117, '2016-12-05 21:38:31'),
(269, 'Tongibari ', 'Tongibari Upazila', 9, 117, '2016-12-05 21:38:43'),
(270, 'Gazaria', 'Gazaria Upazila', 9, 117, '2016-12-05 21:38:56'),
(271, 'Araihazar', 'Araihazar Upazila', 9, 118, '2016-12-05 21:40:14'),
(272, 'Sonargaon ', 'Sonargaon Upazila', 9, 118, '2016-12-05 21:40:38'),
(273, 'Bandar', 'Bandar thana', 9, 118, '2016-12-05 21:41:36'),
(274, 'Narayanganj  Sadar', 'Narayanganj city', 9, 118, '2016-12-05 21:42:24'),
(275, 'Rupganj ', 'Rupganj Upazila', 9, 118, '2016-12-05 21:42:41'),
(276, 'Belabo ', 'Belabo Upazila', 9, 119, '2016-12-05 21:44:18'),
(277, 'Monohardi ', 'Monohardi Upazila', 9, 119, '2016-12-05 21:44:31'),
(278, 'Narsingdi', 'Narsingdi Sadar Upazila', 9, 119, '2016-12-05 21:44:45'),
(279, 'Palash ', 'Palash Upazila', 9, 119, '2016-12-05 21:45:04'),
(280, 'Raipura ', 'Raipura Upazila', 9, 119, '2016-12-05 21:45:25'),
(281, 'Shibpur', 'Shibpur Upazila', 9, 119, '2016-12-05 21:45:38'),
(282, 'Baliakandi ', 'Baliakandi Upazila', 9, 120, '2016-12-05 21:47:13'),
(283, 'Goalandaghat ', 'Goalandaghat Upazila', 9, 120, '2016-12-05 21:47:26'),
(284, 'Pangsha', 'Pangsha Upazila', 9, 120, '2016-12-05 21:47:40'),
(285, 'Kalukhali ', 'Kalukhali Upazila', 9, 120, '2016-12-05 21:50:29'),
(286, 'Rajbari Sadar', 'Rajbari Sadar Upazila', 9, 120, '2016-12-05 21:51:27'),
(287, 'Shariatpur Sadar', 'Shariatpur Sadar Upazila', 9, 121, '2016-12-05 21:54:14'),
(288, 'Damudya ', 'Damudya Upazila', 9, 121, '2016-12-05 21:54:28'),
(289, 'Naria ', 'Naria Upazila', 9, 121, '2016-12-05 21:54:43'),
(290, 'Zanjira ', 'Zanjira Upazila', 9, 121, '2016-12-05 21:54:58'),
(291, 'Bhedarganj ', 'Bhedarganj Upazila', 9, 121, '2016-12-05 21:55:11'),
(292, 'Gosairhat ', 'Gosairhat Upazila', 9, 121, '2016-12-05 21:55:26'),
(293, 'Tangail Sadar ', 'Tangail Sadar Upazila', 9, 122, '2016-12-05 21:57:26'),
(294, 'Sakhipur Upazila', 'Sakhipur Upazila', 9, 122, '2016-12-05 22:02:34'),
(295, 'Basail ', 'Basail Upazila', 9, 122, '2016-12-05 22:03:03'),
(296, 'Madhupur ', 'Madhupur Upazila', 9, 122, '2016-12-05 22:03:23'),
(297, 'Ghatail ', 'Ghatail Upazila', 9, 122, '2016-12-05 22:03:35'),
(298, 'Kalihati ', 'Kalihati Upazila', 9, 122, '2016-12-05 22:03:49'),
(299, 'Nagarpur ', 'Nagarpur Upazila', 9, 122, '2016-12-05 22:04:02'),
(300, 'Mirzapur', 'Mirzapur Upazila', 9, 122, '2016-12-05 22:04:16'),
(301, 'Gopalpur ', 'Gopalpur Upazila', 9, 122, '2016-12-05 22:04:51'),
(303, 'Delduar ', 'Delduar Upazila', 9, 122, '2016-12-05 22:07:00'),
(304, 'Bhuapur ', 'Bhuapur Upazila', 9, 122, '2016-12-05 22:07:14'),
(305, 'Dhanbari ', 'Dhanbari Upazila', 9, 122, '2016-12-05 22:07:33'),
(307, 'Bagerhat Sadar ', 'Bagerhat Sadar Upazila', 12, 100, '2016-12-05 22:15:09'),
(308, 'Chitalmari', 'Chitalmari Upazila', 12, 100, '2016-12-05 22:15:34'),
(309, 'Fakirhat', 'Fakirhat Upazila', 12, 100, '2016-12-05 22:15:53'),
(310, 'Kachua ', 'Kachua Upazila', 12, 100, '2016-12-05 22:16:07'),
(311, 'Mollahat', 'Mollahat Upazila', 12, 100, '2016-12-05 22:16:22'),
(312, 'Mongla', 'Mongla Upazila', 12, 100, '2016-12-05 22:16:40'),
(313, 'Morrelganj', 'Morrelganj Upazila', 12, 100, '2016-12-05 22:19:25'),
(314, 'Rampal ', 'Rampal Upazila', 12, 100, '2016-12-05 22:19:38'),
(315, 'Sarankhola', 'Sarankhola Upazila', 12, 100, '2016-12-05 22:19:54'),
(316, 'Alamdanga ', 'Alamdanga Upazila', 12, 101, '2016-12-05 22:21:34'),
(317, 'Chuadanga Sadar ', 'Chuadanga Sadar Upazila', 12, 101, '2016-12-05 22:22:09'),
(318, 'Jibannagar ', 'Jibannagar Upazila', 12, 101, '2016-12-05 22:22:24'),
(319, 'Damurhuda ', 'Damurhuda Upazila', 12, 101, '2016-12-05 22:22:38'),
(320, 'Abhaynagar ', 'Abhaynagar Upazila', 12, 102, '2016-12-05 22:27:39'),
(321, 'Bagherpara ', 'Bagherpara Upazila', 12, 102, '2016-12-05 22:29:31'),
(322, 'Chaugachha ', 'Chaugachha Upazila', 12, 102, '2016-12-05 22:29:45'),
(323, 'Jhikargachha ', 'Jhikargachha Upazila', 12, 102, '2016-12-05 22:30:01'),
(324, 'Keshabpur', 'Keshabpur Upazila', 12, 102, '2016-12-05 22:30:18'),
(325, 'Jessore Sadar', 'Jessore Sadar Upazila', 12, 102, '2016-12-05 22:30:35'),
(326, 'Manirampur', 'Manirampur Upazila', 12, 102, '2016-12-05 22:30:50'),
(327, 'Sharsha ', 'Sharsha Upazila', 12, 102, '2016-12-05 22:31:07'),
(328, 'Jhenaidah Sadar ', 'Jhenaidah Sadar Upazila', 12, 103, '2016-12-05 22:32:16'),
(329, 'Maheshpur', 'Maheshpur Upazila', 12, 103, '2016-12-05 22:32:30'),
(331, 'Kotchandpur', 'Kotchandpur Upazila', 12, 103, '2016-12-05 22:33:01'),
(332, 'Shailkupa', 'Shailkupa Upazila', 12, 103, '2016-12-05 22:33:16'),
(333, 'Harinakunda', 'Harinakunda Upazila', 12, 103, '2016-12-05 22:33:29'),
(334, 'Terokhada', 'Terokhada Upazila', 12, 104, '2016-12-05 22:35:46'),
(335, 'Batiaghata ', 'Batiaghata Upazila', 12, 104, '2016-12-05 22:36:01'),
(336, 'Dacope ', 'Dacope Upazila', 12, 104, '2016-12-05 22:36:13'),
(337, 'Dumuria ', 'Dumuria Upazila', 12, 104, '2016-12-05 22:36:26'),
(338, 'Dighalia', 'Dighalia Upazila', 12, 104, '2016-12-05 22:36:40'),
(339, 'Koyra ', 'Koyra Upazila', 12, 104, '2016-12-05 22:36:53'),
(340, 'Paikgachha', 'Paikgachha Upazila', 12, 104, '2016-12-05 22:37:05'),
(341, 'Phultala ', 'Phultala Upazila', 12, 104, '2016-12-05 22:37:40'),
(342, 'Rupsa ', 'Rupsa Upazila', 12, 104, '2016-12-05 22:39:39'),
(343, 'Bheramara', 'Bheramara Upazila', 12, 105, '2016-12-05 22:43:15'),
(345, 'Khoksa', 'Khoksa Upazila', 12, 105, '2016-12-05 22:44:05'),
(346, 'Kumarkhali', 'Kumarkhali Upazila', 12, 105, '2016-12-05 22:44:25'),
(347, 'Kushtia Sadar', 'Kushtia Sadar Upazila', 12, 105, '2016-12-05 22:44:47'),
(349, 'Mirpur(kustia)', 'Mirpur(kustia) Upazila', 12, 105, '2016-12-05 22:46:17'),
(350, 'Magura Sadar ', 'Magura Sadar Upazila', 12, 106, '2016-12-05 22:51:43'),
(352, 'Shalikha ', 'Shalikha Upazila', 12, 106, '2016-12-05 22:52:10'),
(354, 'Sreepur ( Magura)', 'Sreepur Upazila ( Magura)', 12, 106, '2016-12-05 22:54:05'),
(355, ' Gangni ', ' Gangni Upazila', 12, 107, '2016-12-05 22:55:06'),
(356, 'Meherpur Sadar ', 'Meherpur Sadar Upazila', 12, 107, '2016-12-05 22:55:28'),
(357, 'Mujibnagar ', 'Mujibnagar Upazila', 12, 107, '2016-12-05 22:55:48'),
(358, 'Narail', 'Narail Upazila', 12, 108, '2016-12-05 23:05:54'),
(359, 'Durvazury', 'Durvazury Upazila', 12, 108, '2016-12-05 23:06:28'),
(360, 'Kalia', 'Kalia Upazila', 12, 108, '2016-12-05 23:06:50'),
(361, 'Lohagara , Narail', 'Lohagara Upazila', 12, 108, '2016-12-05 23:07:44'),
(362, 'Panchuria', 'Panchuria Upazila', 12, 108, '2016-12-05 23:08:48'),
(363, 'Satkhira Sadar', 'Satkhira Sadar Upazila', 12, 109, '2016-12-05 23:10:17'),
(364, 'Assasuni', 'Assasuni Upazila', 12, 109, '2016-12-05 23:10:33'),
(365, 'Debhata ', 'Debhata Upazila', 12, 109, '2016-12-05 23:10:54'),
(366, 'Tala ', 'Tala Upazila', 12, 109, '2016-12-05 23:11:10'),
(367, 'Kalaroa ', 'Kalaroa Upazila', 12, 109, '2016-12-05 23:11:23'),
(369, 'Kaliganj ,satkhira', 'Kaliganj Upazila', 12, 109, '2016-12-05 23:12:32'),
(370, 'Shyamnagar ', 'Shyamnagar Upazila', 12, 109, '2016-12-05 23:12:48'),
(371, 'Dewanganj ', 'Dewanganj Upazila', 16, 95, '2016-12-05 23:19:38'),
(373, 'Baksiganj', 'Baksiganj Upazila', 16, 95, '2016-12-05 23:22:14'),
(374, 'Islampur ', 'Islampur Upazila', 16, 95, '2016-12-05 23:22:29'),
(375, 'Jamalpur Sadar ', 'Jamalpur Sadar Upazila', 16, 95, '2016-12-05 23:22:44'),
(376, 'Madarganj ', 'Madarganj Upazila', 16, 95, '2016-12-05 23:23:00'),
(377, 'Melandaha', 'Melandaha Upazila', 16, 95, '2016-12-05 23:23:20'),
(378, 'sarishabari ', 'sarishabari Upazila', 16, 95, '2016-12-05 23:23:36'),
(379, 'Bhaluka	', 'Bhaluka	Upazila', 16, 96, '2016-12-05 23:28:58'),
(380, 'Trishal', 'Trishal Upazila', 16, 96, '2016-12-05 23:29:15'),
(381, 'Haluaghat', 'Haluaghat Upazila', 16, 96, '2016-12-05 23:29:34'),
(382, 'Muktagachha ', 'Muktagachha  Upazila', 16, 96, '2016-12-05 23:30:09'),
(383, 'Dhobaura', 'Dhobaura  Upazila', 16, 96, '2016-12-05 23:30:33'),
(384, 'Fulbaria', 'Fulbaria Upazila', 16, 96, '2016-12-05 23:30:51'),
(385, 'Gaffargaon', 'Gaffargaon  Upazila', 16, 96, '2016-12-05 23:31:40'),
(386, 'Gauripur', 'Gauripur  Upazila', 16, 96, '2016-12-05 23:32:00'),
(387, 'Ishwarganj', 'Ishwarganj Upazila', 16, 96, '2016-12-05 23:32:23'),
(388, 'Mymensingh Sadar', 'Mymensingh Sadar Upazila', 16, 96, '2016-12-05 23:33:37'),
(389, 'Nandail', 'Nandail Upazila', 16, 96, '2016-12-05 23:33:57'),
(390, 'Phulpur', 'Phulpur Upazila', 16, 96, '2016-12-05 23:34:13'),
(391, 'Tarakanda', 'Tarakanda   Upazila', 16, 96, '2016-12-05 23:35:00'),
(392, 'Atpara ', 'Atpara Upazila', 16, 96, '2016-12-05 23:36:31'),
(393, 'Barhatta ', 'Barhatta Upazila', 16, 96, '2016-12-05 23:36:46'),
(394, 'Durgapur ', 'Durgapur Upazila', 16, 96, '2016-12-05 23:37:01'),
(395, 'Khaliajuri', 'Khaliajuri Upazila', 16, 96, '2016-12-05 23:37:15'),
(396, 'Kalmakanda', 'Kalmakanda Upazila', 16, 96, '2016-12-05 23:37:30'),
(397, 'Kendua ', 'Kendua Upazila', 16, 96, '2016-12-05 23:37:51'),
(398, 'Madan ', 'Madan Upazila', 16, 96, '2016-12-05 23:38:06'),
(399, 'Mohanganj ', 'Mohanganj Upazila', 16, 96, '2016-12-05 23:38:21'),
(400, 'Netrokona Sadar ', 'Netrokona Sadar Upazila', 16, 96, '2016-12-05 23:38:46'),
(401, 'Purbadhala ', 'Purbadhala Upazila', 16, 96, '2016-12-05 23:40:38'),
(402, 'Jhenaigati ', 'Jhenaigati Upazila', 16, 98, '2016-12-05 23:43:50'),
(403, 'Nakla ', 'Nakla Upazila', 16, 98, '2016-12-05 23:44:10'),
(404, 'Nalitabari ', 'Nalitabari Upazila', 16, 98, '2016-12-05 23:44:24'),
(405, 'Sherpur Sadar ', 'Sherpur Sadar Upazila', 16, 98, '2016-12-05 23:44:39'),
(406, 'Sreebardi ', 'Sreebardi Upazila', 16, 98, '2016-12-05 23:44:56'),
(407, 'Adamdighi', 'Adamdighi Upazila', 10, 76, '2016-12-05 23:48:34'),
(408, 'Bogra Sadar', 'Bogra Sadar Upazila', 10, 76, '2016-12-05 23:49:10'),
(409, 'Sherpur ,bogra', 'Sherpur Upazila', 10, 76, '2016-12-05 23:49:44'),
(410, 'Dhunat', 'Dhunat  Upazila', 10, 76, '2016-12-05 23:50:01'),
(411, 'Dhupchanchia', 'Dhupchanchia Upazila', 10, 76, '2016-12-05 23:50:17'),
(412, 'Gabtali', 'Gabtali  Upazila', 10, 76, '2016-12-05 23:50:38'),
(413, 'Kahaloo', 'Kahaloo Upazila', 10, 76, '2016-12-05 23:50:56'),
(414, 'Nandigram', 'Nandigram Upazila', 10, 76, '2016-12-05 23:51:19'),
(415, 'Shajahanpur', 'Shajahanpur  Upazila', 10, 76, '2016-12-05 23:51:37'),
(416, 'Sariakandi', 'Sariakandi  Upazila', 10, 76, '2016-12-05 23:51:59'),
(417, 'Shibganj', 'Shibganj Upazila', 10, 76, '2016-12-05 23:52:19'),
(418, 'Sonatala', 'Sonatala Upazila', 10, 76, '2016-12-05 23:52:41'),
(419, 'Bholahat ', 'Bholahat Upazila', 10, 77, '2016-12-05 23:56:30'),
(420, 'Gomastapur', 'Gomastapur Upazila', 10, 77, '2016-12-05 23:57:00'),
(421, 'Nachole', 'Nachole Upazila', 10, 77, '2016-12-05 23:57:21'),
(422, 'Nawabganj Sadar ', 'Nawabganj Sadar Upazila ', 10, 77, '2016-12-05 23:57:41'),
(424, 'Shibganj ,Nawabganj', 'Shibganj Upazila', 10, 77, '2016-12-05 23:58:32'),
(425, 'Joypurhat', 'Joypurhat  Upazila', 10, 78, '2016-12-06 01:32:19'),
(426, 'Akkelpur', 'Akkelpur  Upazila', 10, 78, '2016-12-06 01:32:41'),
(427, 'Kalai', 'Kalai   Upazila', 10, 78, '2016-12-06 01:33:07'),
(428, 'Khetlal', 'Khetlal Upazila', 10, 78, '2016-12-06 01:33:28'),
(429, 'Panchbibi', 'Panchbibi  Upazila', 10, 78, '2016-12-06 01:33:49'),
(430, 'Atrai ', 'Atrai Upazila', 10, 79, '2016-12-06 01:35:06'),
(431, 'Badalgachhi ', 'Badalgachhi Upazila', 10, 79, '2016-12-06 01:35:25'),
(432, 'Dhamoirhat ', 'Dhamoirhat Upazila', 10, 79, '2016-12-06 01:35:39'),
(433, 'Manda ', 'Manda Upazila', 10, 79, '2016-12-06 01:35:56'),
(434, 'Mohadevpur ', 'Mohadevpur Upazila', 10, 79, '2016-12-06 01:36:10'),
(435, 'Naogaon Sadar ', 'Naogaon Sadar Upazil', 10, 79, '2016-12-06 01:36:24'),
(436, 'Niamatpur ', 'Niamatpur Upazila', 10, 79, '2016-12-06 01:36:43'),
(437, 'Patnitala ', 'Patnitala Upazila', 10, 79, '2016-12-06 01:37:07'),
(438, 'Porsha ', 'Porsha Upazila', 10, 79, '2016-12-06 01:37:21'),
(439, 'Raninagar ', 'Raninagar Upazila', 10, 79, '2016-12-06 01:37:37'),
(440, 'Sapahar ', 'Sapahar Upazila', 10, 79, '2016-12-06 01:37:50'),
(441, 'Gurudaspur ', 'Gurudaspur Upazila', 10, 80, '2016-12-06 01:38:33'),
(442, 'Natore Sadar ', 'Natore Sadar Upazila', 10, 80, '2016-12-06 01:38:49'),
(443, 'Baraigram ', 'Baraigram Upazila', 10, 80, '2016-12-06 01:39:02'),
(444, 'Bagatipara ', 'Bagatipara Upazila', 10, 80, '2016-12-06 01:39:15'),
(445, 'Lalpur ', 'Lalpur Upazila', 10, 80, '2016-12-06 01:39:31'),
(446, 'Singra Upazila', 'Singra Upazila', 10, 80, '2016-12-06 01:39:42'),
(447, 'Naldanga ', 'Naldanga Upazila', 10, 80, '2016-12-06 01:39:58'),
(448, 'Atgharia ', 'Atgharia Upazila', 10, 81, '2016-12-06 01:41:17'),
(449, 'Bera ', 'Bera Upazila', 10, 81, '2016-12-06 01:41:31'),
(450, 'Bhangura ', 'Bhangura Upazila', 10, 81, '2016-12-06 01:41:44'),
(451, 'Chatmohar ', 'Chatmohar Upazila', 10, 81, '2016-12-06 01:42:00'),
(452, 'Faridpur (Formerly Bonwareenogor)', 'Faridpur Upazila (Formerly Bonwareenogor)', 10, 81, '2016-12-06 01:42:46'),
(453, 'Ishwardi ', 'Ishwardi Upazila', 10, 81, '2016-12-06 01:43:02'),
(454, 'Pabna Sadar ', 'Pabna Sadar Upazila', 10, 81, '2016-12-06 01:43:17'),
(455, 'Santhia ', 'Santhia Upazila', 10, 81, '2016-12-06 01:43:30'),
(456, 'Sujanagar ', 'Sujanagar Upazila', 10, 81, '2016-12-06 01:43:55'),
(457, 'Ataikula ', 'Ataikula Thana', 10, 81, '2016-12-06 01:44:10'),
(458, 'Aminpur ', 'Aminpur Thana', 10, 81, '2016-12-06 01:44:26'),
(459, 'Bagha ', 'Bagha Upazila', 10, 82, '2016-12-06 01:45:35'),
(460, 'Bagmara ', 'Bagmara Upazila', 10, 82, '2016-12-06 01:45:51'),
(461, 'Charghat ', 'Charghat Upazila', 10, 82, '2016-12-06 01:46:05'),
(463, 'Godagari ', 'Godagari Upazila', 10, 82, '2016-12-06 01:46:36'),
(464, 'Mohanpur ', 'Mohanpur Upazila', 10, 82, '2016-12-06 01:46:52'),
(465, 'Paba ', 'Paba Upazila', 10, 82, '2016-12-06 01:47:05'),
(466, 'Puthia ', 'Puthia Upazila', 10, 82, '2016-12-06 01:47:19'),
(467, 'Tanore ', 'Tanore Upazila', 10, 82, '2016-12-06 01:47:36'),
(468, 'Boalia ', 'Boalia Thana,rcc', 10, 82, '2016-12-06 01:48:09'),
(469, 'Matihar ', 'Matihar Thana.rcc', 10, 82, '2016-12-06 01:48:27'),
(470, 'Rajpara ', 'Rajpara Thana ,rcc', 10, 82, '2016-12-06 01:48:48'),
(471, 'Shah Makdam ', 'Shah Makdam Thana ,rcc', 10, 82, '2016-12-06 01:49:09'),
(472, 'Sirajganj Sadar ', 'Sirajganj Sadar Upazila', 10, 83, '2016-12-06 01:50:16'),
(473, 'Kazipur ', 'Kazipur Upazila', 10, 83, '2016-12-06 01:50:30'),
(474, 'Ullahpara ', 'Ullahpara Upazila', 10, 83, '2016-12-06 01:50:43'),
(475, 'Shahjadpur ', 'Shahjadpur Upazila', 10, 83, '2016-12-06 01:50:57'),
(476, 'Raiganj ', 'Raiganj Upazila', 10, 83, '2016-12-06 01:51:10'),
(477, 'Kamarkhanda ', 'Kamarkhanda Upazila', 10, 83, '2016-12-06 01:51:21'),
(478, 'Tarash ', 'Tarash Upazila', 10, 83, '2016-12-06 01:51:34'),
(479, 'Belkuchi ', 'Belkuchi Upazila', 10, 83, '2016-12-06 01:51:49'),
(480, 'Chauhali ', 'Chauhali Upazila', 10, 83, '2016-12-06 01:52:03'),
(481, 'Badarganj', 'Badarganj Upazila', 15, 88, '2016-12-06 01:53:37'),
(482, 'Mithapukur', 'Mithapukur  Upazila', 15, 88, '2016-12-06 01:53:56'),
(483, 'Gangachara', 'Gangachara Upazila', 15, 88, '2016-12-06 01:54:12'),
(484, 'Kaunia', 'Kaunia Upazila', 15, 88, '2016-12-06 01:54:32'),
(485, 'Rangpur Sadar', 'Rangpur  city', 15, 88, '2016-12-06 01:54:55'),
(486, 'Pirgachha', 'Pirgachha Upazila', 15, 88, '2016-12-06 01:55:16'),
(487, 'Pirganj', 'Pirganj Upazila', 15, 88, '2016-12-06 01:55:33'),
(488, 'Taraganj', 'Taraganj Upazila', 15, 88, '2016-12-06 01:55:48'),
(489, 'Biral ', 'Biral Upazila', 15, 89, '2016-12-06 01:56:44'),
(490, 'Birampur ', 'Birampur Upazila', 15, 89, '2016-12-06 01:56:59'),
(491, 'Birganj ', 'Birganj Upazila', 15, 89, '2016-12-06 01:57:13'),
(492, 'Bochaganj ', 'Bochaganj Upazila', 15, 89, '2016-12-06 01:57:30'),
(493, 'Chirirbandar ', 'Chirirbandar Upazila', 15, 89, '2016-12-06 01:57:45'),
(494, 'Dinajpur Sadar ', 'Dinajpur Sadar Upazila', 15, 89, '2016-12-06 01:57:59'),
(495, 'Ghoraghat ', 'Ghoraghat Upazila', 15, 89, '2016-12-06 01:58:13'),
(496, 'Hakimpur ', 'Hakimpur Upazila,hili', 15, 89, '2016-12-06 01:58:41'),
(497, 'Kaharole ', 'Kaharole Upazila', 15, 89, '2016-12-06 01:58:56'),
(498, 'Khansama ', 'Khansama Upazila', 15, 89, '2016-12-06 01:59:12'),
(501, 'Nawabganj ,dinajpur', 'Nawabganj Upazila ,dinajpur', 15, 89, '2016-12-06 02:01:28'),
(502, 'Parbatipur ', 'Parbatipur Upazila,', 15, 89, '2016-12-06 02:01:44'),
(503, 'Phulbari ', 'Phulbari Upazila', 15, 89, '2016-12-06 02:02:01'),
(504, 'Kurigram Sadar ', 'Kurigram Sadar Upazila', 15, 90, '2016-12-06 02:10:43'),
(505, 'Nageshwari ', 'Nageshwari Upazila', 15, 90, '2016-12-06 02:11:38'),
(506, 'Bhurungamari ', 'Bhurungamari Upazila', 15, 90, '2016-12-06 02:12:09'),
(508, 'Phulbari ,kurigram', 'Phulbari Upazila', 15, 90, '2016-12-06 02:13:35'),
(509, 'Rajarhat ', 'Rajarhat Upazila', 15, 90, '2016-12-06 02:13:48'),
(510, 'Ulipur ', 'Ulipur Upazila', 15, 90, '2016-12-06 02:14:05'),
(511, 'Chilmari ', 'Chilmari Upazila', 15, 90, '2016-12-06 02:14:18'),
(512, 'Raomari ', 'Raomari Upazila', 15, 90, '2016-12-06 02:14:34'),
(513, 'Char Rajibpur ', 'Char Rajibpur Upazila', 15, 90, '2016-12-06 02:14:50'),
(514, 'Fulchhari ', 'Fulchhari Upazila', 15, 91, '2016-12-06 02:16:29'),
(515, 'Gaibandha Sadar ', 'Gaibandha Sadar Upazila', 15, 91, '2016-12-06 02:16:54'),
(516, 'Gobindaganj ', 'Gobindaganj Upazila', 15, 91, '2016-12-06 02:17:11'),
(517, 'Palashbari ', 'Palashbari Upazila', 15, 91, '2016-12-06 02:20:01'),
(518, 'Sadullapur ', 'Sadullapur Upazila', 15, 91, '2016-12-06 02:20:18'),
(519, 'Saghata ', 'Saghata Upazila', 15, 91, '2016-12-06 02:20:36'),
(520, 'Sundarganj ', 'Sundarganj Upazila', 15, 91, '2016-12-06 02:20:51'),
(521, ' Nilphamari Sadar ', ' Nilphamari Sadar  Upazila', 15, 92, '2016-12-06 02:22:08'),
(522, 'Saidpur', 'Saidpur Upazila', 15, 92, '2016-12-06 02:22:29'),
(523, 'Jaldhaka', 'Jaldhaka Upazila', 15, 92, '2016-12-06 02:22:49'),
(524, 'Kishoreganj ', 'Kishoreganj  Upazila', 15, 92, '2016-12-06 02:23:12'),
(525, 'Domar', 'Domar Upazila', 15, 92, '2016-12-06 02:23:28'),
(526, 'Dimla', 'Dimla Upazila', 15, 92, '2016-12-06 02:23:45'),
(527, 'Panchagarh Sadar', 'Panchagarh Sadar Upazila', 15, 93, '2016-12-06 02:25:05'),
(528, 'Debiganj', 'Debiganj  Upazila', 15, 93, '2016-12-06 02:26:14'),
(529, 'Boda', 'Boda Upazila', 15, 93, '2016-12-06 02:26:31'),
(530, 'Atwari', 'Atwari Upazila', 15, 93, '2016-12-06 02:27:06'),
(531, 'Tetulia', 'Tetulia Upazila', 15, 93, '2016-12-06 02:27:26'),
(532, 'Thakurgaon Sadar ', 'Thakurgaon Sadar Upazila', 15, 94, '2016-12-06 02:28:36'),
(534, 'Pirganj ,thakurgaon', 'Pirganj Upazila ,thakurgaon', 15, 94, '2016-12-06 02:30:54'),
(535, 'Baliadangi ', 'Baliadangi Upazila', 15, 94, '2016-12-06 02:31:08'),
(536, 'Haripur ', 'Haripur Upazila', 15, 94, '2016-12-06 02:31:21'),
(537, 'Ranisankail ', 'Ranisankail Upazila', 15, 94, '2016-12-06 02:31:35'),
(538, 'Ruhia ', 'Ruhia Upazilla', 15, 94, '2016-12-06 02:31:49'),
(539, 'Aditmari ', 'Aditmari Upazila', 15, 99, '2016-12-06 02:33:13'),
(540, 'Hatibandha ', 'Hatibandha Upazila', 15, 99, '2016-12-06 02:33:26'),
(541, 'Kaliganj , Lalmonirhat', 'Kaliganj , Lalmonirhat Upazila', 15, 99, '2016-12-06 02:34:05'),
(542, 'Lalmonirhat Sadar ', 'Lalmonirhat Sadar Upazila', 15, 99, '2016-12-06 02:34:20'),
(543, 'Patgram ', 'Patgram Upazila', 15, 99, '2016-12-06 02:34:40'),
(544, 'Ajmiriganj', 'Ajmiriganj Upazila', 14, 84, '2016-12-06 02:36:40'),
(545, 'Baniachang', ' Baniachang Upazila', 14, 84, '2016-12-06 02:37:04'),
(546, 'Bahubal', 'Bahubal Upazila', 14, 84, '2016-12-06 02:37:19'),
(547, 'Chunarughat', 'Chunarughat Upazila', 14, 84, '2016-12-06 02:37:36'),
(548, 'Habiganj Sadar', 'Habiganj Sadar Upazila', 14, 84, '2016-12-06 02:37:51'),
(549, 'Lakhai ', 'Lakhai Upazila', 14, 84, '2016-12-06 02:38:09'),
(550, 'Madhabpur', 'Madhabpur Upazila', 14, 84, '2016-12-06 02:38:25'),
(551, 'Nabiganj', 'Nabiganj Upazila', 14, 84, '2016-12-06 02:38:44'),
(552, 'Shaistagonj', 'Shaistagonj Upazila', 14, 84, '2016-12-06 02:39:19'),
(553, 'Barlekha ', 'Barlekha Upazila', 14, 85, '2016-12-06 02:40:24'),
(554, 'Juri ', 'Juri Upazila', 14, 85, '2016-12-06 02:40:40'),
(555, 'Kamalganj ', 'Kamalganj Upazila', 14, 85, '2016-12-06 02:40:55'),
(556, 'Kulaura ', 'Kulaura Upazila', 14, 85, '2016-12-06 02:41:13'),
(557, 'Moulvibazar Sadar ', 'Moulvibazar Sadar Upazila', 14, 85, '2016-12-06 02:41:27'),
(558, 'Rajnagar ', 'Rajnagar Upazila', 14, 85, '2016-12-06 02:41:40'),
(559, 'Sreemangal ', 'Sreemangal Upazila', 14, 85, '2016-12-06 02:41:55'),
(560, 'Bishwamvarpur', 'Bishwamvarpur Upazila', 14, 86, '2016-12-06 02:48:56'),
(561, 'Chhatak ', 'Chhatak  Upazila', 14, 86, '2016-12-06 02:49:23'),
(562, 'Derai', 'Derai Upazila', 14, 86, '2016-12-06 02:49:40'),
(563, 'Dharamapasha', 'Dharamapasha Upazila', 14, 86, '2016-12-06 02:49:56'),
(564, 'Dowarabazar ', 'Dowarabazar Upazila', 14, 86, '2016-12-06 02:50:17'),
(565, 'Jagannathpur', 'Jagannathpur Upazila', 14, 86, '2016-12-06 02:50:58'),
(566, 'Jamalganj', 'Jamalganj Upazila', 14, 86, '2016-12-06 02:51:13'),
(567, 'Sullah', 'Sullah Upazila', 14, 86, '2016-12-06 02:51:28'),
(568, 'Sunamganj Sadar', 'Sunamganj Sadar Upazila', 14, 86, '2016-12-06 02:51:44'),
(569, 'Dokkin Sunamganj', 'Dokkin Sunamganj Upazila', 14, 86, '2016-12-06 02:52:03'),
(570, 'Tahirpur', 'Tahirpur Upazila', 14, 86, '2016-12-06 02:52:17'),
(571, 'Balaganj', 'Balaganj Upazila', 14, 87, '2016-12-06 02:53:23'),
(572, 'Beanibazar', 'Beanibazar Upazila', 14, 87, '2016-12-06 02:53:46'),
(573, 'Bishwanath', 'Bishwanath Upazila', 14, 87, '2016-12-06 02:54:01'),
(576, 'Companiganj sylhet', 'Companiganj  Upazila ,sylhet', 14, 87, '2016-12-06 02:55:51'),
(577, 'Fenchuganj', 'Fenchuganj Upazila', 14, 87, '2016-12-06 02:56:11'),
(578, 'Golapganj', 'Golapganj Upazila', 14, 87, '2016-12-06 02:56:34'),
(579, 'Gowainghat', 'Gowainghat Upazila', 14, 87, '2016-12-06 02:56:56'),
(580, 'Jaintiapur', 'Jaintiapur Upazila', 14, 87, '2016-12-06 02:57:16'),
(581, 'Kanaighat', 'Kanaighat Upazila', 14, 87, '2016-12-06 02:57:32'),
(582, 'Osmani Nagar', 'Osmani Nagar Upazila', 14, 87, '2016-12-06 02:58:01'),
(583, 'South Surma', 'South Surma Upazila', 14, 87, '2016-12-06 02:58:15'),
(584, 'Sylhet Sadar', 'Sylhet Sadar Upazila', 14, 87, '2016-12-06 02:58:32'),
(585, 'Zakiganj', 'Zakiganj Upazila', 14, 87, '2016-12-06 02:59:03'),
(586, 'asas', 'asas', 14, 84, '2016-12-06 15:22:43'),
(588, 'aaaa', 'aaaaa', 13, 123, '2016-12-06 15:30:55');

-- --------------------------------------------------------

--
-- Table structure for table `district`
--

CREATE TABLE IF NOT EXISTS `district` (
  `distid` int(3) NOT NULL AUTO_INCREMENT,
  `distname` varchar(50) NOT NULL,
  `divid` int(2) NOT NULL,
  `datetime` datetime NOT NULL DEFAULT CURRENT_TIMESTAMP,
  PRIMARY KEY (`distid`),
  UNIQUE KEY `distname` (`distname`),
  KEY `fk_division` (`divid`)
) ENGINE=InnoDB  DEFAULT CHARSET=latin1 AUTO_INCREMENT=141 ;

--
-- Dumping data for table `district`
--

INSERT INTO `district` (`distid`, `distname`, `divid`, `datetime`) VALUES
(76, 'Bogra', 10, '2016-12-01 16:34:57'),
(77, 'Chapainawabganj', 10, '2016-12-01 16:35:45'),
(78, 'Joypurhat', 10, '2016-12-01 16:36:13'),
(79, 'Naogaon', 10, '2016-12-01 16:36:45'),
(80, 'Natore', 10, '2016-12-01 16:37:00'),
(81, 'Pabna', 10, '2016-12-01 16:37:18'),
(82, 'Rajshahi', 10, '2016-12-01 16:37:35'),
(83, 'Sirajganj', 10, '2016-12-01 16:37:53'),
(84, 'Habiganj', 14, '2016-12-01 16:40:13'),
(85, 'Moulvibazar', 14, '2016-12-01 16:40:32'),
(86, 'Sunamganj', 14, '2016-12-01 16:41:03'),
(87, 'Sylhet ', 14, '2016-12-01 16:41:21'),
(88, 'Rangpur', 15, '2016-12-01 16:42:04'),
(89, 'Dinajpur', 15, '2016-12-01 16:42:27'),
(90, 'Kurigram', 15, '2016-12-01 16:42:47'),
(91, 'Gaibandha', 15, '2016-12-01 16:43:00'),
(92, 'Nilphamari', 15, '2016-12-01 16:43:21'),
(93, 'Panchagarh', 15, '2016-12-01 16:43:40'),
(94, 'Thakurgaon', 15, '2016-12-01 16:44:00'),
(95, 'Jamalpur', 16, '2016-12-01 16:45:27'),
(96, 'Mymensingh', 16, '2016-12-01 16:46:32'),
(97, 'Netrokona', 16, '2016-12-01 16:47:01'),
(98, 'Sherpur', 16, '2016-12-01 16:47:20'),
(99, 'Lalmonirhat', 15, '2016-12-01 16:49:15'),
(100, 'Bagerhat', 12, '2016-12-01 16:51:10'),
(101, 'Chuadanga', 12, '2016-12-01 16:51:25'),
(102, 'Jessore', 12, '2016-12-01 16:51:41'),
(103, 'Jhenaidah', 12, '2016-12-01 16:51:57'),
(104, 'Khulna', 12, '2016-12-01 16:52:14'),
(105, 'Kushtia', 12, '2016-12-01 16:52:33'),
(106, 'Magura ', 12, '2016-12-01 16:52:51'),
(107, 'Meherpur', 12, '2016-12-01 16:53:05'),
(108, 'Narail ', 12, '2016-12-01 16:53:25'),
(109, 'Satkhira', 12, '2016-12-01 16:53:50'),
(110, 'Dhaka ', 9, '2016-12-01 16:59:20'),
(111, 'Faridpur', 9, '2016-12-01 16:59:39'),
(112, 'Gazipur', 9, '2016-12-01 16:59:53'),
(113, 'Gopalganj', 9, '2016-12-01 17:00:16'),
(114, 'Kishoreganj', 9, '2016-12-01 17:00:33'),
(115, 'Madaripur', 9, '2016-12-01 17:00:56'),
(116, 'Manikganj ', 9, '2016-12-01 17:01:14'),
(117, 'Munshiganj', 9, '2016-12-01 17:01:31'),
(118, 'Narayanganj ', 9, '2016-12-01 17:01:55'),
(119, 'Narsingdi', 9, '2016-12-01 17:02:11'),
(120, 'Rajbari ', 9, '2016-12-01 17:02:35'),
(121, 'Shariatpur', 9, '2016-12-01 17:02:52'),
(122, 'Tangail', 9, '2016-12-01 17:03:11'),
(123, 'Barisal', 13, '2016-12-01 17:05:04'),
(124, 'Barguna ', 13, '2016-12-01 17:05:19'),
(125, 'Bhola', 13, '2016-12-01 17:05:42'),
(126, 'Jhalokati', 13, '2016-12-01 17:05:55'),
(127, 'Patuakhali', 13, '2016-12-01 17:06:15'),
(128, 'Pirojpur', 13, '2016-12-01 17:06:35'),
(129, 'Bandarban', 11, '2016-12-01 17:08:22'),
(130, 'Brahmanbaria', 11, '2016-12-01 17:08:38'),
(131, 'Chandpur ', 11, '2016-12-01 17:09:32'),
(132, 'Chittagong', 11, '2016-12-01 17:10:01'),
(133, 'Comilla ', 11, '2016-12-01 17:10:25'),
(134, 'Feni', 11, '2016-12-01 17:11:05'),
(135, 'Khagrachhari', 11, '2016-12-01 17:11:31'),
(136, 'Lakshmipur', 11, '2016-12-01 17:11:52'),
(138, 'Rangamati', 11, '2016-12-01 17:12:36'),
(139, 'Noakhali', 11, '2016-12-01 17:13:08'),
(140, 'Cox''s Bazar', 11, '2016-12-01 17:17:17');

-- --------------------------------------------------------

--
-- Table structure for table `division`
--

CREATE TABLE IF NOT EXISTS `division` (
  `divid` int(2) NOT NULL AUTO_INCREMENT,
  `divname` varchar(50) NOT NULL,
  `createdate` datetime NOT NULL DEFAULT CURRENT_TIMESTAMP,
  PRIMARY KEY (`divid`),
  UNIQUE KEY `divname` (`divname`)
) ENGINE=InnoDB  DEFAULT CHARSET=latin1 AUTO_INCREMENT=17 ;

--
-- Dumping data for table `division`
--

INSERT INTO `division` (`divid`, `divname`, `createdate`) VALUES
(9, 'Dhaka', '2016-12-01 16:29:20'),
(10, 'Rajshahi', '2016-12-01 16:29:36'),
(11, 'Chittagong', '2016-12-01 16:29:52'),
(12, 'Khulna', '2016-12-01 16:30:15'),
(13, 'Barisal', '2016-12-01 16:30:30'),
(14, 'Sylhet', '2016-12-01 16:30:45'),
(15, 'Rangpur', '2016-12-01 16:30:58'),
(16, 'Mymensingh', '2016-12-01 16:31:12');

-- --------------------------------------------------------

--
-- Table structure for table `product`
--

CREATE TABLE IF NOT EXISTS `product` (
  `pid` int(11) NOT NULL AUTO_INCREMENT,
  `pname` varchar(200) NOT NULL,
  `pdesc` text NOT NULL,
  `pprice` decimal(10,2) NOT NULL,
  `unit` varchar(20) NOT NULL,
  `divid` int(11) NOT NULL,
  `distid` int(11) NOT NULL,
  `areaid` int(11) NOT NULL,
  `catid` int(11) NOT NULL,
  `subcatid` int(11) NOT NULL,
  `pimage` varchar(200) NOT NULL,
  `userid` int(11) NOT NULL,
  PRIMARY KEY (`pid`)
) ENGINE=InnoDB DEFAULT CHARSET=latin1 AUTO_INCREMENT=1 ;

-- --------------------------------------------------------

--
-- Table structure for table `todo`
--

CREATE TABLE IF NOT EXISTS `todo` (
  `id` int(11) NOT NULL AUTO_INCREMENT,
  `action` varchar(80) NOT NULL,
  `done` tinyint(1) NOT NULL,
  `createdate` datetime NOT NULL DEFAULT CURRENT_TIMESTAMP,
  PRIMARY KEY (`id`)
) ENGINE=InnoDB DEFAULT CHARSET=utf8 AUTO_INCREMENT=1 ;

-- --------------------------------------------------------

--
-- Table structure for table `upload_file`
--

CREATE TABLE IF NOT EXISTS `upload_file` (
  `product_id` int(10) NOT NULL AUTO_INCREMENT,
  `file_title` varchar(100) NOT NULL,
  `file_name` varchar(200) NOT NULL,
  `upload_date` datetime NOT NULL DEFAULT CURRENT_TIMESTAMP,
  PRIMARY KEY (`product_id`)
) ENGINE=InnoDB  DEFAULT CHARSET=latin1 AUTO_INCREMENT=9 ;

--
-- Dumping data for table `upload_file`
--

INSERT INTO `upload_file` (`product_id`, `file_title`, `file_name`, `upload_date`) VALUES
(6, 'DSFS', 'sdafsaf.jpg', '2016-11-22 15:23:24'),
(7, 'sweet', '1562600043755444.html', '2016-11-22 17:27:49'),
(8, 'fdgfdgfd', '', '2016-11-23 10:57:37');

--
-- Constraints for dumped tables
--

--
-- Constraints for table `area`
--
ALTER TABLE `area`
  ADD CONSTRAINT `fk_district` FOREIGN KEY (`distid`) REFERENCES `district` (`distid`) ON UPDATE CASCADE;

--
-- Constraints for table `district`
--
ALTER TABLE `district`
  ADD CONSTRAINT `fk_division` FOREIGN KEY (`divid`) REFERENCES `division` (`divid`) ON UPDATE CASCADE;

/*!40101 SET CHARACTER_SET_CLIENT=@OLD_CHARACTER_SET_CLIENT */;
/*!40101 SET CHARACTER_SET_RESULTS=@OLD_CHARACTER_SET_RESULTS */;
/*!40101 SET COLLATION_CONNECTION=@OLD_COLLATION_CONNECTION */;
